-- MySQL dump 10.13  Distrib 5.7.22, for Linux (x86_64)
--
-- Host: 127.0.0.1    Database: chat_me
-- ------------------------------------------------------
-- Server version	5.7.22-0ubuntu0.16.04.1

/*!40101 SET @OLD_CHARACTER_SET_CLIENT=@@CHARACTER_SET_CLIENT */;
/*!40101 SET @OLD_CHARACTER_SET_RESULTS=@@CHARACTER_SET_RESULTS */;
/*!40101 SET @OLD_COLLATION_CONNECTION=@@COLLATION_CONNECTION */;
/*!40101 SET NAMES utf8 */;
/*!40103 SET @OLD_TIME_ZONE=@@TIME_ZONE */;
/*!40103 SET TIME_ZONE='+00:00' */;
/*!40014 SET @OLD_UNIQUE_CHECKS=@@UNIQUE_CHECKS, UNIQUE_CHECKS=0 */;
/*!40014 SET @OLD_FOREIGN_KEY_CHECKS=@@FOREIGN_KEY_CHECKS, FOREIGN_KEY_CHECKS=0 */;
/*!40101 SET @OLD_SQL_MODE=@@SQL_MODE, SQL_MODE='NO_AUTO_VALUE_ON_ZERO' */;
/*!40111 SET @OLD_SQL_NOTES=@@SQL_NOTES, SQL_NOTES=0 */;

--
-- Table structure for table `channel_mst`
--

DROP TABLE IF EXISTS `channel_mst`;
/*!40101 SET @saved_cs_client     = @@character_set_client */;
/*!40101 SET character_set_client = utf8 */;
CREATE TABLE `channel_mst` (
  `channel_id` varchar(256) NOT NULL,
  `channel_name` varchar(256) DEFAULT NULL,
  `channel_creation_date` timestamp NOT NULL DEFAULT CURRENT_TIMESTAMP ON UPDATE CURRENT_TIMESTAMP,
  PRIMARY KEY (`channel_id`)
) ENGINE=InnoDB DEFAULT CHARSET=latin1;
/*!40101 SET character_set_client = @saved_cs_client */;

--
-- Dumping data for table `channel_mst`
--

LOCK TABLES `channel_mst` WRITE;
/*!40000 ALTER TABLE `channel_mst` DISABLE KEYS */;
INSERT INTO `channel_mst` VALUES ('1ccf0a2a-0df3-4f7f-ba1e-6767773925f5','channel_cool_guys','2018-05-27 03:04:28'),('2e4db736-c697-473f-8a28-91594f541bc4','channel-1','2018-05-25 16:44:11'),('37f614ad-3725-4664-b04f-d920d5bdb6ea','channel-04','2018-05-25 16:44:11'),('60dc89f0-4cb8-4157-83da-29b32893ef8b','xyz','2018-05-25 16:44:11'),('6f13e582-4110-4a98-81c3-ce7d6fb946af','channel_anon','2018-05-25 16:44:11'),('752fed58-75bb-4682-9bd3-c07eed197257','random_ppl','2018-05-27 03:10:07'),('8d278dc8-6517-4d98-9480-7cd209c4c752','channel-02','2018-05-25 16:44:11'),('98a1d48b-1584-4a21-ab05-448c5b3c9a78','channel-03','2018-05-25 16:44:11'),('a3f88c32-6913-4ccd-825f-de673b0133b7','b_a','2018-05-27 03:15:21'),('c7fa1631-e265-438e-ac37-0f60c694f210','geek_bros','2018-05-25 16:44:11'),('efc62933-d70c-4f19-bdc0-e0b130043dc2','taposomachandu','2018-05-25 16:44:11');
/*!40000 ALTER TABLE `channel_mst` ENABLE KEYS */;
UNLOCK TABLES;

--
-- Table structure for table `channel_user_mst`
--

DROP TABLE IF EXISTS `channel_user_mst`;
/*!40101 SET @saved_cs_client     = @@character_set_client */;
/*!40101 SET character_set_client = utf8 */;
CREATE TABLE `channel_user_mst` (
  `channel_id` varchar(256) NOT NULL,
  `user_id` varchar(256) NOT NULL,
  `user_type` varchar(256) DEFAULT NULL COMMENT 'admin/user',
  PRIMARY KEY (`channel_id`,`user_id`)
) ENGINE=InnoDB DEFAULT CHARSET=latin1 ROW_FORMAT=DYNAMIC;
/*!40101 SET character_set_client = @saved_cs_client */;

--
-- Dumping data for table `channel_user_mst`
--

LOCK TABLES `channel_user_mst` WRITE;
/*!40000 ALTER TABLE `channel_user_mst` DISABLE KEYS */;
INSERT INTO `channel_user_mst` VALUES ('1ccf0a2a-0df3-4f7f-ba1e-6767773925f5','10',NULL),('1ccf0a2a-0df3-4f7f-ba1e-6767773925f5','14',NULL),('1ccf0a2a-0df3-4f7f-ba1e-6767773925f5','6',NULL),('1ccf0a2a-0df3-4f7f-ba1e-6767773925f5','e9a60129-741b-41b5-b50f-11dea8ec1c35',NULL),('37f614ad-3725-4664-b04f-d920d5bdb6ea','1','user'),('37f614ad-3725-4664-b04f-d920d5bdb6ea','15','user'),('37f614ad-3725-4664-b04f-d920d5bdb6ea','6','user'),('60dc89f0-4cb8-4157-83da-29b32893ef8b','11','user'),('60dc89f0-4cb8-4157-83da-29b32893ef8b','16','user'),('6f13e582-4110-4a98-81c3-ce7d6fb946af','1','user'),('6f13e582-4110-4a98-81c3-ce7d6fb946af','10','user'),('6f13e582-4110-4a98-81c3-ce7d6fb946af','13','user'),('752fed58-75bb-4682-9bd3-c07eed197257','1',NULL),('752fed58-75bb-4682-9bd3-c07eed197257','10',NULL),('752fed58-75bb-4682-9bd3-c07eed197257','12',NULL),('752fed58-75bb-4682-9bd3-c07eed197257','15',NULL),('8d278dc8-6517-4d98-9480-7cd209c4c752','15','user'),('8d278dc8-6517-4d98-9480-7cd209c4c752','6','user'),('98a1d48b-1584-4a21-ab05-448c5b3c9a78','13','user'),('98a1d48b-1584-4a21-ab05-448c5b3c9a78','15','user'),('a3f88c32-6913-4ccd-825f-de673b0133b7','14',NULL),('a3f88c32-6913-4ccd-825f-de673b0133b7','beab59bb-eea4-40ab-a2ae-335c1bd100b8',NULL),('c7fa1631-e265-438e-ac37-0f60c694f210','1','user'),('c7fa1631-e265-438e-ac37-0f60c694f210','10','user'),('c7fa1631-e265-438e-ac37-0f60c694f210','12','user'),('efc62933-d70c-4f19-bdc0-e0b130043dc2','1','user'),('efc62933-d70c-4f19-bdc0-e0b130043dc2','10','user'),('efc62933-d70c-4f19-bdc0-e0b130043dc2','12','user');
/*!40000 ALTER TABLE `channel_user_mst` ENABLE KEYS */;
UNLOCK TABLES;

--
-- Table structure for table `message_trn`
--

DROP TABLE IF EXISTS `message_trn`;
/*!40101 SET @saved_cs_client     = @@character_set_client */;
/*!40101 SET character_set_client = utf8 */;
CREATE TABLE `message_trn` (
  `message_id` varchar(256) NOT NULL COMMENT 'unique message id',
  `message` varchar(256) DEFAULT NULL COMMENT 'message content',
  `message_mode` varchar(256) DEFAULT NULL COMMENT 'DIRECT or  CHANNEL',
  `message_delivery_status` varchar(256) DEFAULT NULL COMMENT 'SENT, UNREAD or READ',
  `message_creation_time` timestamp NOT NULL DEFAULT CURRENT_TIMESTAMP ON UPDATE CURRENT_TIMESTAMP,
  `message_operation_status` varchar(256) DEFAULT NULL COMMENT 'CREATE, UPDATE, DELETE',
  `source_id` varchar(256) DEFAULT NULL COMMENT 'Sender (User)',
  `destination_id` varchar(256) DEFAULT NULL COMMENT 'Receiver (User or Channel)',
  PRIMARY KEY (`message_id`)
) ENGINE=InnoDB DEFAULT CHARSET=latin1;
/*!40101 SET character_set_client = @saved_cs_client */;

--
-- Dumping data for table `message_trn`
--

LOCK TABLES `message_trn` WRITE;
/*!40000 ALTER TABLE `message_trn` DISABLE KEYS */;
INSERT INTO `message_trn` VALUES ('0198daab-4378-4ec4-9e0e-78607d700487','jkhk','DIRECT','READ','2018-05-27 16:09:24','CREATE','12','10'),('019b56af-6cb5-4744-859a-6652c4bc15d6','Hi','DIRECT','READ','2018-05-21 16:11:22','CREATE','13',NULL),('020083e4-68b0-428a-acfb-80319229b5c0','umm nvm dude','DIRECT','READ','2018-05-21 16:11:22','CREATE','13',NULL),('02d0eecf-88e1-4731-aaf8-5e8db34e4079','asd','DIRECT','READ','2018-05-21 16:11:22','CREATE','1','10'),('03c01f90-709f-498c-834c-da0a6b4ecbe5','welcome to chat me','DIRECT','READ','2018-05-21 16:11:22','CREATE','1','13'),('04c7972b-9e8f-47f2-990a-3d7e22f0bb9e','Still awake','DIRECT','READ','2018-05-21 16:11:22','CREATE','10','1'),('0539ba11-4d5c-4371-a8e8-a171cf26dabb','hi everyone ! this is Acqe-app@37','DIRECT','READ','2018-05-21 16:11:22','CREATE','15',NULL),('068cf4b5-665f-4e6e-b82f-3cc639dfbfac','try kar sakta hu','DIRECT','READ','2018-05-21 16:11:22','CREATE','10','12'),('0699f43c-b23c-4ab1-a7d0-5747a75e10ee','Hh','DIRECT','READ','2018-05-27 16:38:18','CREATE','10','12'),('091b70a9-aae1-4f1d-8032-26ad2ca45792','hello','DIRECT','READ','2018-05-21 16:11:22','CREATE','10','1'),('0a86431e-9dd2-4b91-8682-3d901de08bcc','free ka app he','DIRECT','READ','2018-05-21 16:11:22','CREATE','1','12'),('0b6f4c13-2dd1-4aad-b66a-c4ca120b2312','do you see it ?','DIRECT','READ','2018-05-21 16:11:22','CREATE','1','10'),('0bbc3f5c-d495-407e-816e-8d416878c417','how about you','DIRECT','READ','2018-05-21 16:11:22','CREATE','15',NULL),('0c7a4c11-fa7c-4290-a65d-d786460f97d9','q\nq\nq\nq\nq\nq\nq\nq','DIRECT','READ','2018-05-21 16:11:22','CREATE','11',NULL),('0ced0e25-aff7-4b08-ad76-f40809c7c1b5','hi','DIRECT','READ','2018-05-21 16:11:22','CREATE','1','10'),('0d013bb2-82bc-4d2d-bf7b-08ca57529a19','How are you twpo','DIRECT','READ','2018-05-21 16:11:22','CREATE','13',NULL),('0d1f96b8-0066-4ca1-be07-a1065af27ade','fuck','DIRECT','READ','2018-05-21 16:11:22','CREATE','1','10'),('0dcbe476-1195-4556-8e60-4ef67925c8fb','asd;asd','DIRECT','READ','2018-05-24 14:29:16','CREATE','15','1'),('0f5fdf94-fe37-4f54-9f0f-0096ead7a70b','D yeh Mera karne laga Dhaka Dhaka when she hurts me','DIRECT','READ','2018-05-21 16:11:22','CREATE','10','1'),('118f5621-dcdc-4c8c-acbe-a11dddf9f5f4','xD','DIRECT','READ','2018-05-21 16:11:22','CREATE','1','11'),('12e9fa19-8879-4553-9112-79a84dfcae35','How are you\nI was a bit busy\nso didn\'t make a call.','DIRECT','READ','2018-05-21 16:11:22','CREATE','9','1'),('134c2216-df31-448a-8b84-f06d552cdad7','all right let\'s get started','DIRECT','READ','2018-05-21 16:11:22','CREATE','10','1'),('13f80f2b-4b13-435d-8162-26b6c55ffcd1','asdads','DIRECT','READ','2018-05-21 16:11:22','CREATE','15',NULL),('14b522ff-e339-43f7-86ce-6e3dcd75ea4a','ok','DIRECT','READ','2018-05-27 16:03:20','CREATE','1','10'),('151d6fe6-fa42-4c61-a265-632e83686a48','aur chahiye kya','DIRECT','READ','2018-05-21 16:11:22','CREATE','12','1'),('16ec762e-7968-41d2-aff1-bbe7c4949a1a','asldk','DIRECT','READ','2018-05-21 16:11:22','CREATE','15',NULL),('18c64be6-83ff-4220-826c-69c27fa05440','<?','DIRECT','READ','2018-05-21 16:11:22','CREATE','13','1'),('18ed0646-ef04-4e7f-b50f-ee2db23e5d69','all right','CHANNEL','READ','2018-05-21 16:11:22','CREATE','15','98a1d48b-1584-4a21-ab05-448c5b3c9a78'),('194d5e6a-7a33-407f-9ec8-997aa7b0aa58','<br/>','DIRECT','READ','2018-05-21 16:11:22','CREATE','13','1'),('19d9cfff-ce10-4ff1-befc-0155f9f9d915','how are you','DIRECT','READ','2018-05-21 16:11:22','CREATE','5','1'),('1aa9d4e7-ef47-487e-9b94-00dc3aa093f5','ok','DIRECT','READ','2018-05-21 16:11:22','CREATE','9','1'),('1b9e8afd-5856-4436-b1a2-6502e9707293','asdlksd','DIRECT','READ','2018-05-24 14:29:16','CREATE','15','1'),('1bbdc6f7-b89e-4eba-a956-8cb331fa1ff8','what >>','DIRECT','READ','2018-05-21 16:11:22','CREATE','9','1'),('1bcebed1-0e65-44f6-a25f-416ea0e17598','laskdsd','DIRECT','READ','2018-05-24 14:29:16','CREATE','15','1'),('1c7e74a6-a406-4ed7-ab8a-0d061e2642cc','h','DIRECT','READ','2018-05-21 16:11:22','CREATE','15',NULL),('1c945206-e1b2-4c6c-ad0c-f60330a2bddc','sjs','DIRECT','READ','2018-05-21 16:11:22','CREATE','15','1'),('1cd2c37b-19aa-447d-8ffb-3465d80400ea','hi','DIRECT','READ','2018-05-21 16:11:22','CREATE','6',NULL),('1e89db5d-ec87-48a3-b873-4568acc924e5','Tapo bro how are you','DIRECT','READ','2018-05-27 16:01:44','CREATE','10','1'),('1f2a30da-ca6e-41c4-970b-f7dc271cdff5','what happeened','DIRECT','READ','2018-05-21 16:11:22','CREATE','1','10'),('1f6eef4c-7587-4be8-8158-ea14cb42a25a','So how about your girlfriend','DIRECT','READ','2018-05-27 16:05:33','CREATE','10','1'),('1fefe48d-cf8c-478f-9265-f825301e7bb7','thanks bro for your time','DIRECT','READ','2018-05-21 16:11:22','CREATE','1','12'),('201ae6bd-7357-4f65-834c-3975eb34fd6e','Haha','CHANNEL','READ','2018-05-21 16:11:22','CREATE','13','98a1d48b-1584-4a21-ab05-448c5b3c9a78'),('2160861a-882c-40e3-8ed8-85fbffef6a5a','yo','DIRECT','READ','2018-05-21 16:11:22','CREATE','12','1'),('225f5f97-9486-4dc7-aa41-901b8b8aa398','Mc','DIRECT','READ','2018-05-21 16:11:22','CREATE','12','10'),('2290565a-8c9b-49f7-9943-711cefb16c89','nope i guess','DIRECT','READ','2018-05-21 16:11:22','CREATE','10','1'),('22bd6825-bf21-4059-b4dc-3961aef39e7c','Tu bana sakta he aisa app','DIRECT','READ','2018-05-21 16:11:22','CREATE','12','10'),('23c84267-9b63-4fa7-9828-e996e0e89e7e','hi','DIRECT','READ','2018-05-21 16:11:22','CREATE','9','1'),('261ade6c-8634-499a-a77d-40d438b502ea','ninde','DIRECT','READ','2018-05-21 16:11:22','CREATE','1','10'),('28b07114-7699-4c88-9a0f-4bff4a183ca4','mysql','DIRECT','READ','2018-05-21 16:11:22','CREATE','1','10'),('28b87957-3457-4228-a72b-01d9ceef6311','what','DIRECT','READ','2018-05-21 16:11:22','CREATE','1','10'),('28de3e3c-cd3a-48ad-ba4f-bed4106b16b6','hmm','DIRECT','READ','2018-05-21 16:11:22','CREATE','1','10'),('29459a1f-3b5b-43d5-8e21-11bdcdf57a76','haan bey bol','DIRECT','READ','2018-05-21 16:11:22','CREATE','1',NULL),('29519477-6c64-44d0-b078-f1276d5a4a7b','bhak madarchod','DIRECT','READ','2018-05-27 16:08:17','CREATE','12','10'),('2959e814-ec89-4bb6-ab28-6b2a041ac9ca','sorry','DIRECT','READ','2018-05-21 16:11:22','CREATE','1','9'),('2a0717de-2b62-4af1-85e7-e738675de520','lemme fix it','DIRECT','READ','2018-05-21 16:11:22','CREATE','1','12'),('2ab295d8-4b84-4988-b2b2-34b04a056688','nothing much','DIRECT','READ','2018-05-21 16:11:22','CREATE','1','10'),('2adf43ad-7184-42b1-a501-47fa09ed8f62','Oopa','DIRECT','READ','2018-05-21 16:11:22','CREATE','10','1'),('2b7f1a5c-6042-4d8f-9ee3-9a8e7368ef81','Kya bakchodi he yeah','DIRECT','READ','2018-05-21 16:11:22','CREATE','10','1'),('2b8b07f5-9437-4923-ae67-a16afcc46b6e','hi','DIRECT','READ','2018-05-21 16:11:22','CREATE','11','1'),('2be3e5cd-4c8a-4f95-82c6-db31930a0da8','hey dude!!','DIRECT','READ','2018-05-21 16:11:22','CREATE','1','10'),('2d96697a-4fef-4a80-9cfd-8acb3bb7db02','do bar','DIRECT','READ','2018-05-21 16:11:22','CREATE','12','1'),('2ec8ffc2-6bb2-4d3f-b551-18db76a55605','gaaand ar','DIRECT','READ','2018-05-21 16:11:22','CREATE','1','10'),('2f9d1762-445a-4aaa-b42f-d67da1a57199','why the hell where the crap','DIRECT','READ','2018-05-21 16:11:22','CREATE','10','1'),('31872f6a-a9d9-451a-a7b5-467e0058fbcb','Your visa is approved!!!','DIRECT','READ','2018-05-21 16:11:22','CREATE','5','1'),('31dedef4-07b3-43e5-ac3b-32c01e11ad65','whatever','DIRECT','READ','2018-05-21 16:11:22','CREATE','1','10'),('31e3a538-330e-4949-9b96-f98c952f527f',',m,m','DIRECT','READ','2018-05-24 14:29:15','CREATE','15','1'),('31fac919-221d-4272-a182-62a43cda36e0','msg myself','DIRECT','READ','2018-05-21 16:11:22','CREATE','10',NULL),('323d6167-dd48-464b-aec7-e469ac8a95b4','hi','DIRECT','READ','2018-05-21 16:11:22','CREATE','1','10'),('326d1c47-0b4d-47c9-b49e-1e2bfc1103ed','logged in','DIRECT','READ','2018-05-21 16:11:22','CREATE','10','1'),('3403cadd-af07-4e48-9810-b3c21c7ebe84','all my life','CHANNEL','READ','2018-05-21 16:11:22','CREATE','10','c7fa1631-e265-438e-ac37-0f60c694f210'),('34716db7-cd8c-46e9-8de7-065a62aa75fa','hmm','DIRECT','READ','2018-05-21 16:11:22','CREATE','1','9'),('34d817ee-1120-49ce-a494-3d8595ccd8c1','messaging myself','DIRECT','READ','2018-05-21 16:11:22','CREATE','10',NULL),('356efbe2-517a-4bfe-b99e-cf8e898cf1b7','xD','DIRECT','READ','2018-05-21 16:11:22','CREATE','10','1'),('374c42f1-0a8b-4061-91dd-ef67a8438f89','fixed the issue','DIRECT','READ','2018-05-21 16:11:22','CREATE','1','10'),('38090629-f45c-4bc4-8d37-282561ffe7ba','hi jingfei','DIRECT','READ','2018-05-21 16:11:22','CREATE','1','13'),('39d14f17-813d-402b-a72b-b732c8f403cd','Iiii','DIRECT','READ','2018-05-27 16:40:08','CREATE','10','12'),('39fdb879-6712-4993-b054-9ddddfc8a281','hey','DIRECT','READ','2018-05-21 16:11:22','CREATE','10','1'),('3a09a436-f19a-41a3-96c2-d7c419abe8c9','thanks','DIRECT','READ','2018-05-21 16:11:22','CREATE','1','10'),('3a731ccc-7d86-47cb-8365-775547f054da','msg myself','DIRECT','READ','2018-05-21 16:11:22','CREATE','10',NULL),('3a9ad570-d8ff-4893-977a-24062338620e','dsffsd','DIRECT','READ','2018-05-24 14:29:16','CREATE','15','1'),('3bc25781-4c60-49a3-b0d2-9d3f01040fac','Hi','DIRECT','READ','2018-05-21 16:11:22','CREATE','14','1'),('3cc051ad-5474-449f-a03c-4340b6e03d58','Kya bataau','DIRECT','READ','2018-05-21 16:11:22','CREATE','10','1'),('3d98ec01-102f-47ac-9894-6e854e80b51d','Aut Bhai','CHANNEL','READ','2018-05-21 16:11:22','CREATE','10','c7fa1631-e265-438e-ac37-0f60c694f210'),('3dfeaf3b-3511-4085-89fe-bfa03cd377b7','awesome','DIRECT','READ','2018-05-21 16:11:22','CREATE','1','10'),('3e0ad13a-8584-4383-8faf-175a992a6e20','Hh','DIRECT','READ','2018-05-27 16:01:44','CREATE','10','1'),('3f051db6-1564-49aa-9110-a82323813b59','gaand maraale','DIRECT','READ','2018-05-21 16:11:22','CREATE','10','12'),('40a4ca0f-b80f-4855-b388-9e0ede8e9b47','hye','DIRECT','READ','2018-05-21 16:11:22','CREATE','1','9'),('40a5b143-dab8-4e8d-822b-7b5d2764cc97','hey man','DIRECT','READ','2018-05-21 16:11:22','CREATE','15','1'),('40faa0cf-207d-446a-814b-299ce1ff0f61','100$ ye le','DIRECT','READ','2018-05-21 16:11:22','CREATE','12','1'),('41b62163-c7db-4231-a0df-a1582719e98b','crazy','DIRECT','READ','2018-05-21 16:11:22','CREATE','1','10'),('42023f83-f716-408f-be72-331687f92ec9','dupatta','DIRECT','READ','2018-05-21 16:11:22','CREATE','1','10'),('421ab847-d785-45ec-b957-9148121fc5b8','hey there','DIRECT','READ','2018-05-21 16:11:22','CREATE','1','15'),('427905bb-ecfd-4379-b41a-41c2f34c3b09','q\nq\nq\nq\nq\nq\nq\nq','DIRECT','READ','2018-05-21 16:11:22','CREATE','11',NULL),('4279ea2e-c923-47e4-9359-610a9b623384','kaunsa db use kiya iskeliye','DIRECT','READ','2018-05-21 16:11:22','CREATE','10','1'),('428414a8-d2c0-4581-a24f-c0f57ef5d785','Ye kya hai','DIRECT','READ','2018-05-21 16:11:22','CREATE','12','1'),('4333965e-597a-46b6-8893-ca38aabdd2f6','testing self msg','DIRECT','READ','2018-05-21 16:11:22','CREATE','10',NULL),('4409c70b-c081-4ed0-81c6-7506ef62d2e3','byd','DIRECT','READ','2018-05-21 16:11:22','CREATE','15',NULL),('443332f7-df45-44c6-8e2f-a6d14c2ae8ac','xD','DIRECT','READ','2018-05-21 16:11:22','CREATE','1','18'),('45295659-feef-448d-93a1-bcfe25477d24','Nvm','DIRECT','READ','2018-05-27 16:02:54','CREATE','10','1'),('4529bdf5-fed9-47a2-93b6-7986474bae3a','what','DIRECT','READ','2018-05-21 16:11:22','CREATE','1','10'),('45f9b610-565c-4c84-a5a0-03a99fa7fa85','welcome to chat me','DIRECT','READ','2018-05-21 16:11:22','CREATE','1','12'),('4636f928-5198-461d-b470-c39e886c4df3','???','DIRECT','READ','2018-05-24 18:55:10','CREATE','15','1'),('48c02c3e-f8db-4ded-a1e5-a971d5c66f27','dsjdfh','DIRECT','READ','2018-05-21 16:11:22','CREATE','15',NULL),('4a11f6f0-d973-46e1-a2ed-11508c721e9c','how about you','CHANNEL','READ','2018-05-21 16:11:22','CREATE','15','98a1d48b-1584-4a21-ab05-448c5b3c9a78'),('4aeaeae2-ed9b-4ae7-8fff-c2cc30543e2b','dfjsdfk','DIRECT','READ','2018-05-24 19:02:44','CREATE','15','1'),('4c17bd3f-9ee6-43f4-a505-1072def08cbe','sorry for late reply lol','CHANNEL','READ','2018-05-21 16:11:22','CREATE','15','98a1d48b-1584-4a21-ab05-448c5b3c9a78'),('4d236c52-2df6-4e6b-a498-ab6a2ae0c6ee','hi yenita','DIRECT','READ','2018-05-21 16:11:22','CREATE','1','11'),('4d24ded0-add0-4eda-a975-fa957778ce6c','kkjkj','DIRECT','READ','2018-05-24 14:29:16','CREATE','15','1'),('4e0cae80-3212-4fa2-ad83-12757d38f756','fucking ass','DIRECT','READ','2018-05-21 16:11:22','CREATE','18','1'),('4e3c3429-075e-4831-b5c8-96474a84a814','ok','DIRECT','READ','2018-05-21 16:11:22','CREATE','1','10'),('4f3d59f2-7389-4fc7-bf36-f57a15d8ba5b','hmm','DIRECT','READ','2018-05-21 16:11:22','CREATE','15',NULL),('4ff964f7-fb0c-44d8-b1c7-43cb3fd3b237','wow dude','DIRECT','READ','2018-05-21 16:11:22','CREATE','10','1'),('517f9413-aa42-4e54-8d36-faf292fade48','lll','DIRECT','READ','2018-05-21 16:11:22','CREATE','9','1'),('52d67faa-5903-4e6a-8c43-4c9d4f316765','Something wrong','DIRECT','READ','2018-05-21 16:11:22','CREATE','12','1'),('531d8764-1d2f-4881-9cf4-1caa7aee40cd','bc','DIRECT','READ','2018-05-21 16:11:22','CREATE','10','1'),('53e354e7-1bb3-4af0-9966-af0969b5a1fe','chil maar gaadnu','DIRECT','READ','2018-05-27 15:59:10','CREATE','1','10'),('54fdb5ba-3133-4dbf-bff1-953f4e8b4077','asda','DIRECT','READ','2018-05-24 14:29:15','CREATE','15','1'),('552a963b-31bb-4825-87b4-daa1d79265d2','???','DIRECT','READ','2018-05-24 18:54:50','CREATE','15','1'),('574d4662-96bf-4fa3-9e34-348819fe4c32','nmn','CHANNEL','READ','2018-05-21 16:11:22','CREATE','15','98a1d48b-1584-4a21-ab05-448c5b3c9a78'),('575913fe-c2f6-46c0-84bd-19f1334d7bd2','kya sunaau','DIRECT','READ','2018-05-21 16:11:22','CREATE','1','10'),('5820a9e1-5867-4ce3-9d7b-102d43cc6032','i\'m good xD','CHANNEL','READ','2018-05-21 16:11:22','CREATE','15','98a1d48b-1584-4a21-ab05-448c5b3c9a78'),('58c0b140-6bde-42f0-9b55-63c5bf95a1f0','hey guys','DIRECT','READ','2018-05-21 16:11:22','CREATE','15',NULL),('59049cca-aa19-4e5b-be2f-807baef8b245','Yo','DIRECT','READ','2018-05-21 16:11:22','CREATE','12','1'),('596e562e-55f5-4096-b6ea-76a80c4165c5','the','DIRECT','READ','2018-05-21 16:11:22','CREATE','1','10'),('59fd02c5-4861-4bd4-8bb4-b315bc20d1e0','H','DIRECT','READ','2018-05-27 16:44:34','CREATE','10','12'),('5a423305-65b1-43ed-8410-be06d0cb1b25','aur bataa','DIRECT','READ','2018-05-21 16:11:22','CREATE','1','10'),('5b586b86-717e-40aa-b29f-3e33a922930b','lc','DIRECT','READ','2018-05-21 16:11:22','CREATE','9','1'),('5ca9f5bf-b4ef-4005-9f1c-0fbf4263ed1b','hi all','DIRECT','READ','2018-05-21 16:11:22','CREATE','15',NULL),('5cc4b342-c89b-48ff-b6b1-bc50aa50dec1','ok','DIRECT','READ','2018-05-21 16:11:22','CREATE','1','10'),('5cd8e45d-39f1-4998-b648-77ca1b708168','s','DIRECT','READ','2018-05-24 14:29:16','CREATE','15','1'),('5ceea8a2-b2a9-4857-baeb-78557b5c31e1','messaging myself','DIRECT','READ','2018-05-21 16:11:22','CREATE','10',NULL),('5d0a65ec-5ec5-44ce-84f6-595160689b10','<ya>','DIRECT','READ','2018-05-21 16:11:22','CREATE','13','1'),('5d0b904e-3b97-44ae-bd7d-e51fbde131c0','bye','DIRECT','READ','2018-05-21 16:11:22','CREATE','9','1'),('5d6ddf4c-74d8-4273-ab4f-8093f9c1dc2f','wahtts up','DIRECT','READ','2018-05-21 16:11:22','CREATE','1','10'),('5e450bc9-c0af-437e-8af8-c97310f25b84','wleirwer','DIRECT','READ','2018-05-21 16:11:22','CREATE','15',NULL),('5ec9d58d-584e-4e87-99bc-f0bf959edf9d','sorry for late reply lol','DIRECT','READ','2018-05-21 16:11:22','CREATE','15',NULL),('5ef27a0c-05bf-4652-93e4-ea1a506b456b','hey buddy','DIRECT','READ','2018-05-24 14:31:47','CREATE','1','15'),('5ef8bb79-c16f-4c2d-a8aa-4d16fdc0ebca','babye','DIRECT','READ','2018-05-21 16:11:22','CREATE','1','10'),('6108332e-b076-42b7-9702-56f840a9e110','msg myself','DIRECT','READ','2018-05-21 16:11:22','CREATE','10',NULL),('6255e695-e4d8-4e3b-b0ba-0c24971ca186','Bkl','DIRECT','READ','2018-05-27 16:08:06','CREATE','10','12'),('62caceb6-b436-4e89-b625-c05f55cbe9a6','xD','DIRECT','READ','2018-05-21 16:11:22','CREATE','1','18'),('650130f9-c23f-4212-9a3f-1afbfc3e8ece','hey guys!!!!!!!!','DIRECT','READ','2018-05-21 16:11:22','CREATE','15',NULL),('65927d2e-9bf8-4a0a-be43-703ba3308f4b','haha yah dude','CHANNEL','READ','2018-05-21 16:11:22','CREATE','15','98a1d48b-1584-4a21-ab05-448c5b3c9a78'),('66387876-b887-4ca2-a54d-c7f3b9c78f8e','hmm','DIRECT','READ','2018-05-21 16:11:22','CREATE','1','10'),('6656e8ee-7eb6-4b9f-a840-2bba2bff4c8e','hello there','DIRECT','READ','2018-05-21 16:11:22','CREATE','1','10'),('66613a51-6d9e-472b-8be5-0da898a4b0cb','thanks , now you can logout . my testing done for today','DIRECT','READ','2018-05-21 16:11:22','CREATE','1','10'),('669a17dc-6a1b-45be-befc-86e3dfd07778','hey guys!!!!!!!!','CHANNEL','READ','2018-05-21 16:11:22','CREATE','15','98a1d48b-1584-4a21-ab05-448c5b3c9a78'),('6756a7de-00b8-4018-baea-d3fec2be742c','how are you','DIRECT','READ','2018-05-24 14:32:26','CREATE','15','1'),('675f3471-41b1-468a-9572-05e25ad2ba7c','Woh toh sab bolte he gaandu','DIRECT','READ','2018-05-21 16:11:22','CREATE','12','10'),('68282c4f-bf2a-41aa-a962-c4b27d028564','chup','DIRECT','READ','2018-05-21 16:11:22','CREATE','1','10'),('68408d78-e795-4bf4-919f-cd275b102f97','guys','DIRECT','READ','2018-05-21 16:11:22','CREATE','10',NULL),('6a21e576-7a87-483c-911c-109a65d9e3ec','dskfj','DIRECT','READ','2018-05-21 16:11:22','CREATE','1','10'),('6a251ade-66c9-4e40-b43d-9a4771066116','uuu','CHANNEL','READ','2018-05-21 16:11:22','CREATE','13','98a1d48b-1584-4a21-ab05-448c5b3c9a78'),('6a4aa61f-9b51-428e-ad8e-5d330d75f3cf','what do u mean','DIRECT','READ','2018-05-21 16:11:22','CREATE','1','10'),('6a52b5e9-42d1-40c2-9c9d-3aabaa7bbd47','umm nvm dude','CHANNEL','READ','2018-05-21 16:11:22','CREATE','13','98a1d48b-1584-4a21-ab05-448c5b3c9a78'),('6a9e55f8-c56d-4193-a51f-b9c7cb952b90','bye','DIRECT','READ','2018-05-21 16:11:22','CREATE','1','13'),('6b75b125-6b83-4da2-84d0-1a2ed31dd3e9','haha','DIRECT','READ','2018-05-24 18:54:27','CREATE','1','15'),('6d5b0054-8a97-405a-bf21-941fed28fdca','babye','CHANNEL','READ','2018-05-21 16:11:22','CREATE','10','c7fa1631-e265-438e-ac37-0f60c694f210'),('6ecd7213-17e0-40e8-8d6d-acf4e6eb3956','bye xD','DIRECT','READ','2018-05-21 16:11:22','CREATE','1','12'),('7264c1ae-7c8f-4384-a8fe-08d58e732e3a','messaging myself','DIRECT','READ','2018-05-21 16:11:22','CREATE','10',NULL),('72729b96-0bdf-4962-9d4e-235c80e855f9','uuu','DIRECT','READ','2018-05-21 16:11:22','CREATE','13',NULL),('72ccde36-7c11-4641-ad27-b1254bee8d59','kjkj','DIRECT','READ','2018-05-21 16:11:22','CREATE','1','10'),('730de6e5-f158-4fbe-b530-bfedd1cd05f6','Kiss re','DIRECT','READ','2018-05-21 16:11:22','CREATE','10','1'),('7365f7a2-5055-4233-9927-f93bb5373fd5','msg myself','DIRECT','READ','2018-05-21 16:11:22','CREATE','10',NULL),('73c8edc1-2aec-472c-a554-9487e3a253e3','chutiye','DIRECT','READ','2018-05-21 16:11:22','CREATE','1','12'),('7472e62b-7176-42a1-a69f-03e75556625d','How are you twpo','CHANNEL','READ','2018-05-21 16:11:22','CREATE','13','98a1d48b-1584-4a21-ab05-448c5b3c9a78'),('747a20e3-ebed-4784-8efa-7296ce412453','hi','DIRECT','READ','2018-05-21 16:11:22','CREATE','15',NULL),('747da2b7-85c3-4895-b288-dbb68cc79aaf','Oye','DIRECT','READ','2018-05-27 16:30:11','CREATE','10','12'),('749adfa3-f5ff-42ae-aead-6937b893fcaa','hmm','DIRECT','READ','2018-05-21 16:11:22','CREATE','1','10'),('74fa5cfd-d744-479e-9684-66d1d34a7da4','dasdasdas qwdas','DIRECT','READ','2018-05-21 16:11:22','CREATE','15',NULL),('752d5146-6a0d-4b76-96a9-c3cd4966bfce','bc','DIRECT','READ','2018-05-21 16:11:22','CREATE','1','10'),('75b554d1-cc22-4b0a-a69d-41d86803eba2','sa','DIRECT','READ','2018-05-24 14:29:15','CREATE','15','1'),('75fec15e-6179-4c5f-82c6-a821834594c1','what the hell','DIRECT','READ','2018-05-21 16:11:22','CREATE','9','1'),('7714f37b-19bb-408e-9278-c162e8880d64','Fuck yeah','DIRECT','READ','2018-05-21 16:11:22','CREATE','1','18'),('77b191c3-5372-4815-86e4-bf0dea15d480','it is fixed','DIRECT','READ','2018-05-21 16:11:22','CREATE','10','1'),('78efd349-f44f-49c9-abc9-4a14f52f659d','sdfjksdf','DIRECT','READ','2018-05-24 19:03:01','CREATE','15','1'),('79bcf963-64ea-451a-b8d1-e5eca1737bb1','lol','DIRECT','READ','2018-05-21 16:11:22','CREATE','13','1'),('79d0f356-5f75-4bac-b679-47b15df0012b','kjkj','DIRECT','READ','2018-05-24 14:29:15','CREATE','15','1'),('7a5ef66e-e3ec-420a-9fa3-d30a768ab565','hi','DIRECT','READ','2018-05-21 16:11:22','CREATE','9','1'),('7b126a79-39de-4d73-b1ce-48c9f9f74946','hi','DIRECT','READ','2018-05-21 16:11:22','CREATE','6',NULL),('7bb2ad54-5b99-4430-a857-a593b39f5eae','adksdsdfsldfksdf','DIRECT','READ','2018-05-21 16:11:22','CREATE','1','10'),('7d2b5fc7-7904-4335-8404-97350394546e','hey tapo','DIRECT','READ','2018-05-24 14:31:39','CREATE','15','1'),('7d953c15-cd90-44fb-a160-f0996b947240','Sorry forate reply','DIRECT','READ','2018-05-27 16:01:44','CREATE','10','1'),('7da9012e-5e2f-4033-b606-6c308508e8dc','Kya Bhai kaam nhi he Kya kuchh','CHANNEL','READ','2018-05-21 16:11:22','CREATE','12','c7fa1631-e265-438e-ac37-0f60c694f210'),('7e44c6ee-444f-479e-8a01-82569f9a91f5','Kya Bhai kaam nhi he Kya kuchh','DIRECT','READ','2018-05-21 16:11:22','CREATE','12',NULL),('7fab0b05-5428-4566-a95e-7862b795ebb5','Hi','CHANNEL','READ','2018-05-21 16:11:22','CREATE','13','98a1d48b-1584-4a21-ab05-448c5b3c9a78'),('802bafdc-c52d-4902-b8cf-669fb7ced6e8','hhh','DIRECT','READ','2018-05-21 16:11:22','CREATE','1','10'),('81501a6b-2475-475f-8ded-ecdf25e378e7','gr8','DIRECT','READ','2018-05-21 16:11:22','CREATE','10','1'),('8306d700-f798-4b70-8ac0-4dce379714c1','hmm, i\'m kinda busy','DIRECT','READ','2018-05-21 16:11:22','CREATE','9','1'),('84b2efd7-c67e-41c9-b3e1-8c2d573d118f','aasd','DIRECT','READ','2018-05-24 14:29:15','CREATE','15','1'),('852025a5-143c-440c-b3a3-6f70d2cd7fd4','talking after long','DIRECT','READ','2018-05-24 14:34:56','CREATE','15','1'),('8580bc9a-cb20-42ad-ac08-0bb685883cb6','nmn','DIRECT','READ','2018-05-21 16:11:22','CREATE','15',NULL),('859559d7-4c25-4092-bedc-df1d05737176','asd','DIRECT','READ','2018-05-21 16:11:22','CREATE','1','10'),('85afee20-5c3e-4343-89ba-8fcaf8af6b2d','hey hey dude!!!!!!!!!!!!!!!!','DIRECT','READ','2018-05-21 16:11:22','CREATE','10','1'),('85b59901-be71-479a-8f01-8dfeda6346a8','hi tapo','DIRECT','READ','2018-05-24 19:04:12','CREATE','15','1'),('85d81e21-00eb-4f3a-9da5-f53847a1ef0c','asdasd','DIRECT','READ','2018-05-21 16:11:22','CREATE','15',NULL),('85f4e115-a3bb-4f52-9c0a-2a8da8ecfdba','kya bol rha hr bhai deemag kharap he kya','DIRECT','READ','2018-05-21 16:11:22','CREATE','1','10'),('860b79ec-9694-4acb-a15b-85d9b0c3eb08','Hey guys','CHANNEL','READ','2018-05-21 16:11:22','CREATE','12','c7fa1631-e265-438e-ac37-0f60c694f210'),('86279ac4-794e-400c-ae14-0e9b748932ca',':)','DIRECT','READ','2018-05-21 16:11:22','CREATE','11','1'),('864f3b4f-9911-4574-ba35-c7f40c4a6463','h','CHANNEL','READ','2018-05-21 16:11:22','CREATE','15','98a1d48b-1584-4a21-ab05-448c5b3c9a78'),('876168ce-1f11-4a50-963a-6c52ed8d39d9','asdk','DIRECT','READ','2018-05-21 16:11:22','CREATE','1','10'),('889f34a7-87dd-4a8d-899f-f5f29e21ca67','shit','DIRECT','READ','2018-05-21 16:11:22','CREATE','1','12'),('89754a4f-7ee1-4e86-9653-0e4b5e3d8d4b','tapo ka app mast he yaar','DIRECT','READ','2018-05-21 16:11:22','CREATE','12','10'),('89bb4b07-0ad3-4f38-b76d-3e2c719b9b43','Chutiye','DIRECT','READ','2018-05-27 16:08:06','CREATE','10','12'),('8a098aab-cbe4-4a2e-8ba3-e5d024bf7004','hey','DIRECT','READ','2018-05-21 16:11:22','CREATE','9','1'),('8c9f10ec-c649-4a3b-a858-c05d0eee8988','byd','DIRECT','READ','2018-05-21 16:11:22','CREATE','15',NULL),('8ce8863b-0277-49ba-b02d-22a45c65cb97','asdasd','DIRECT','READ','2018-05-21 16:11:22','CREATE','1','10'),('8d36d1c6-f4ba-47d2-889b-bf1473a6807c','I am a good.','DIRECT','READ','2018-05-21 16:11:22','CREATE','5','1'),('8e679f87-1a36-48ba-88c4-f091262dbe43','just kidding','DIRECT','READ','2018-05-21 16:11:22','CREATE','10','1'),('8fd1ad7f-6acf-4ad6-98d2-d8b3a9ceebc0','It\'s fine :)','DIRECT','READ','2018-05-21 16:11:22','CREATE','1','9'),('9020ffdd-68bf-4aec-8fba-02df942cbbea','well i\'m fine ;)','CHANNEL','READ','2018-05-21 16:11:22','CREATE','1','c7fa1631-e265-438e-ac37-0f60c694f210'),('90be0e64-e366-45b0-a604-a728ec1d3f48','Hello','CHANNEL','READ','2018-05-21 16:11:22','CREATE','13','98a1d48b-1584-4a21-ab05-448c5b3c9a78'),('90be9a6e-27e6-45e5-94dc-ec1a09eeb510',':)','DIRECT','READ','2018-05-21 16:11:22','CREATE','10','1'),('9124a750-31cb-4fc0-addd-efa8abd8ca47','what','DIRECT','READ','2018-05-21 16:11:22','CREATE','9','1'),('914d2986-45fe-4075-aafe-f0ea1efe8d08','Hello','DIRECT','READ','2018-05-21 16:11:22','CREATE','13','1'),('91ba0bb6-b350-4f47-ae76-7258e1efcc65','bye','DIRECT','READ','2018-05-21 16:11:22','CREATE','1','11'),('91d46539-a679-4d44-8390-9086efa4ba62','byd','CHANNEL','READ','2018-05-21 16:11:22','CREATE','15','98a1d48b-1584-4a21-ab05-448c5b3c9a78'),('925d2e22-53a5-472c-8bc3-d8ea47a5c0b0','hmm','DIRECT','READ','2018-05-21 16:11:22','CREATE','13',NULL),('9374955f-dd26-4277-91fc-369e3d4be9a5','hmm','DIRECT','READ','2018-05-21 16:11:22','CREATE','10','12'),('9642b5a3-76bd-4ac1-be1c-4f816cf2a0a6',':)','DIRECT','READ','2018-05-21 16:11:22','CREATE','1','10'),('97637332-c3b9-4fd8-9163-02da4d96412c','lot of things are happening. goom raha hai','DIRECT','READ','2018-05-21 16:11:22','CREATE','10','1'),('98c5a81f-d3f0-4cae-ab2b-c615a84c6b3f','sdfsdf','DIRECT','READ','2018-05-24 14:29:16','CREATE','15','1'),('9a15fe40-9114-4dcc-b222-a2ea8f31e632','asas','DIRECT','READ','2018-05-21 16:11:22','CREATE','15',NULL),('9c1b655a-dc20-44ed-8f44-ce429eeabe4d','u r right','DIRECT','READ','2018-05-21 16:11:22','CREATE','1','10'),('9cd9d0d8-d3e8-4d86-bc51-c9c1c10f5a5f','hmm','DIRECT','READ','2018-05-21 16:11:22','CREATE','1','10'),('9de94711-340c-4be9-b691-c94f3c6b274a','byd','CHANNEL','READ','2018-05-21 16:11:22','CREATE','15','98a1d48b-1584-4a21-ab05-448c5b3c9a78'),('9e1d43d7-89a9-4bd9-9aa1-687dc6d2fe60',':(','DIRECT','READ','2018-05-21 16:11:22','CREATE','10','1'),('9ec941e4-9378-444a-9d4f-7666bf86a676','sdf','DIRECT','READ','2018-05-24 14:29:15','CREATE','15','1'),('9fc7cb1b-dfd2-4e22-9ff7-68d621bd1629','ye le blank kitna chahiye likhle','DIRECT','READ','2018-05-21 16:11:22','CREATE','12','1'),('9fef8b0b-7229-42f3-b926-3b36dd963258','Yah sort of xD','DIRECT','READ','2018-05-21 16:11:22','CREATE','9','1'),('a008490c-4a9f-438f-8b4d-f88188fa166a','yah','DIRECT','READ','2018-05-21 16:11:22','CREATE','1','10'),('a07ca0c4-1c89-4719-90bf-2e6657210ed0','nothinf much here','DIRECT','READ','2018-05-21 16:11:22','CREATE','1','10'),('a11f698b-c66d-42d2-87ef-952607786f7d','chal bye','DIRECT','READ','2018-05-27 15:59:10','CREATE','1','10'),('a24f8911-158f-4a4f-9aa9-afff49ab2fd0','asdkj','DIRECT','READ','2018-05-21 16:11:22','CREATE','1','10'),('a26a3170-918f-4f42-a3ed-c603e2252b4a','hello','DIRECT','READ','2018-05-21 16:11:22','CREATE','9','1'),('a48021a3-05cc-4efa-a7f3-ea2af3bb05c3','bro*','DIRECT','READ','2018-05-21 16:11:22','CREATE','10','1'),('a56e6952-3376-49a0-9375-b63d1ede914e','testing self msg','DIRECT','READ','2018-05-21 16:11:22','CREATE','10',NULL),('a8840190-a7eb-4f5a-b40b-57eb671dfb4a','hey bros ! welcome','DIRECT','READ','2018-05-21 16:11:22','CREATE','1',NULL),('a892e850-9d1a-46a6-8285-e4c57718fd91','kkkk','DIRECT','READ','2018-05-21 16:11:22','CREATE','9','1'),('a9239416-93ca-4521-978f-cd2836568ae6',':p','DIRECT','READ','2018-05-21 16:11:22','CREATE','1','13'),('a98b7b13-c0c7-4c13-be0a-6b780e98fc0a','Hi','DIRECT','READ','2018-05-21 16:11:22','CREATE','1','9'),('ac3254ff-e171-441b-a1f0-9ca23e523587','kya','DIRECT','READ','2018-05-21 16:11:22','CREATE','10','1'),('ac93e4d4-bddb-4d0a-a622-237ba9339b26','nhi ana chahiy\\e','DIRECT','READ','2018-05-21 16:11:22','CREATE','12','1'),('ad4d11cf-8fae-4195-8a0c-53650d224c7d','hello there!!!','DIRECT','READ','2018-05-21 16:11:22','CREATE','1','10'),('adee685f-d58d-49a4-af7f-0e8f21920b48','cc','DIRECT','READ','2018-05-21 16:11:22','CREATE','1','5'),('ae483393-1baa-473a-a5e6-9edc2ecd2ac5','Hi sir','DIRECT','READ','2018-05-21 16:11:22','CREATE','10','14'),('ae6c9c63-399f-4864-9dc5-5a8856e7fb79','haan bey bol','CHANNEL','READ','2018-05-21 16:11:22','CREATE','1','c7fa1631-e265-438e-ac37-0f60c694f210'),('aebb75a7-69af-4cb3-a63d-5d800366697f','bri','DIRECT','READ','2018-05-21 16:11:22','CREATE','10','1'),('b0b9713a-c124-4251-9ad4-2e3e58fe3b71','yup','DIRECT','READ','2018-05-21 16:11:22','CREATE','10','1'),('b107ac28-82ff-490a-bb16-0efba0204e14','paisa bhej','DIRECT','READ','2018-05-21 16:11:22','CREATE','1','12'),('b1f10040-7453-411b-9259-540448076c77','dfsf','DIRECT','READ','2018-05-24 14:29:15','CREATE','15','1'),('b2069334-2af2-4efa-85ce-f69914002deb','sdd','DIRECT','READ','2018-05-21 16:11:22','CREATE','1','5'),('b2cbb917-0cc2-4b5f-b398-8f20478fa4d7','hi there','DIRECT','READ','2018-05-21 16:11:22','CREATE','1','10'),('b4b5e8f8-0727-4bd1-a0f5-8f8b719b9cb0','how about you','DIRECT','READ','2018-05-21 16:11:22','CREATE','9','1'),('b52363c9-aa24-4e44-8c22-49d5d7368264','no more using polling','DIRECT','READ','2018-05-21 16:11:22','CREATE','1','10'),('b551d6cb-87ed-4107-a52d-76553a2a3b55','just kidding :D','DIRECT','READ','2018-05-21 16:11:22','CREATE','1','12'),('b5b527c1-1399-4891-8a37-b70598e0fbdb','alks','DIRECT','READ','2018-05-24 14:29:35','CREATE','1','15'),('b5c16df7-42c6-41d1-bc2b-146095611309','hi','DIRECT','READ','2018-05-21 16:11:22','CREATE','9','1'),('b7a2f337-aa8a-41e3-a9e9-8a2b6e067a3f','dont angry me','DIRECT','READ','2018-05-21 16:11:22','CREATE','1','9'),('b82b1d6c-e607-4b73-965a-4ce2f5cd064e','byd','DIRECT','READ','2018-05-21 16:11:22','CREATE','15',NULL),('b91a378d-683b-404a-a29e-c5772b64f539','Hey there','DIRECT','READ','2018-05-21 16:11:22','CREATE','10','1'),('b99892c2-84c2-4d21-a6b1-44dfe28bb3d2','saasd','DIRECT','READ','2018-05-24 14:29:35','CREATE','1','15'),('b9c38e63-a718-4f79-a1ed-22d80f69b1a6','what we were talking about??','DIRECT','READ','2018-05-21 16:11:22','CREATE','1','10'),('baaceaff-0ec7-437e-b09c-b1ca67a5c390','logging out','DIRECT','READ','2018-05-21 16:11:22','CREATE','10','1'),('bc168b64-914b-4526-a915-f69a7e5c0f64','hi','DIRECT','READ','2018-05-21 16:11:22','CREATE','1','9'),('bc7324af-b43e-4603-bd4f-7d302dfc7778','</td><td>','DIRECT','READ','2018-05-21 16:11:22','CREATE','13','1'),('bcdf2b72-bab0-4fd7-9669-42380f3a412f','asdads','DIRECT','READ','2018-05-21 16:11:22','CREATE','15',NULL),('bdebaaef-43b6-42d0-8d9e-0fea99fe6f5f','asdkasd','DIRECT','READ','2018-05-21 16:11:22','CREATE','1','10'),('be5d2351-a31f-4ad3-b80d-fcabdc40d5d9','hmm','DIRECT','READ','2018-05-24 19:03:08','CREATE','1','15'),('bf01a396-ccce-4f36-aa3a-312f491c5de5','bsdk','DIRECT','READ','2018-05-21 16:11:22','CREATE','1','10'),('bfb0e832-f020-415a-ae13-685e35285e1d','We at chat me take customer\'s experience very seriously','DIRECT','READ','2018-05-21 16:11:22','CREATE','1','13'),('bfff2442-ed44-4ad6-a051-cc54bf24a3bd','hi everyone ! this is Acqe-app@37','DIRECT','READ','2018-05-21 16:11:22','CREATE','15',NULL),('c0ff3d36-6aa4-4856-9747-f702b5f44fc1','hello','DIRECT','READ','2018-05-21 16:11:22','CREATE','13','1'),('c1209189-3733-4275-9f3c-e6eccbbea650','A','DIRECT','READ','2018-05-27 16:21:22','CREATE','10','12'),('c15cbf4c-9138-4f0f-855d-f17be775f56b','uc uu','DIRECT','READ','2018-05-21 16:11:22','CREATE','15',NULL),('c2ff0867-3931-4ae1-b2cd-bc07bcc7403a','what\'s up?','DIRECT','READ','2018-05-21 16:11:22','CREATE','9','1'),('c3a0f116-2b6d-433b-a3b1-0fd9a41605e9','the name is bond , James bond','DIRECT','READ','2018-05-21 16:11:22','CREATE','18','1'),('c3d0efba-61cd-4da2-8bd8-18e11a93d951','aakhir','DIRECT','READ','2018-05-21 16:11:22','CREATE','1','10'),('c3dc3c65-6f17-4afe-83e7-d8b269c2c016','lml','DIRECT','READ','2018-05-24 14:29:16','CREATE','15','1'),('c3fcb3c2-42a3-4a72-88b8-488ebead021c','wow finally it\'s efficient','DIRECT','READ','2018-05-21 16:11:22','CREATE','10','1'),('c4fbfc75-7202-4ca8-8664-c6fa7acb63c6','me too :D','CHANNEL','READ','2018-05-21 16:11:22','CREATE','10','c7fa1631-e265-438e-ac37-0f60c694f210'),('c5351fe6-342e-470e-b0e6-f7e68bfcfe40','hey buddy','DIRECT','READ','2018-05-27 15:59:10','CREATE','1','10'),('c66c10ec-d2bf-4c96-957b-ba76be2c2559','guys','CHANNEL','READ','2018-05-21 16:11:22','CREATE','10','c7fa1631-e265-438e-ac37-0f60c694f210'),('c6e24458-582a-4702-84b8-263b64cdc77d','aur bataa','DIRECT','READ','2018-05-21 16:11:22','CREATE','1','10'),('c7493d5b-08d9-4e59-9103-8e67e779cffb','asdasd','CHANNEL','READ','2018-05-21 16:11:22','CREATE','15','98a1d48b-1584-4a21-ab05-448c5b3c9a78'),('c7b5bc75-d35f-4d45-9657-76e4a045b4bc','hi soma','DIRECT','READ','2018-05-21 16:11:22','CREATE','1','10'),('c930685e-af9c-4565-a5b2-e73f64551566','How are you guys doing','CHANNEL','READ','2018-05-21 16:11:22','CREATE','12','c7fa1631-e265-438e-ac37-0f60c694f210'),('c9cce2ac-7203-4211-a544-1bf1eac9ec6b','q\nq\nq\nq\nq\nq\nq\nq\nq\nq\nq\nq','DIRECT','READ','2018-05-21 16:11:22','CREATE','11','1'),('c9f0f0fd-3775-42bd-a782-445ad4a1df90','hey guys!!!!!!!!','DIRECT','READ','2018-05-21 16:11:22','CREATE','15',NULL),('cab96f8c-0e14-4ecd-a001-7432d23706af','ok','DIRECT','READ','2018-05-21 16:11:22','CREATE','1','10'),('cb12773a-3387-4b2f-971d-1ebd65b3f198','hmm','DIRECT','READ','2018-05-21 16:11:22','CREATE','15',NULL),('cbf0bf54-a883-4368-83e8-834fdaa0458b','why twice','DIRECT','READ','2018-05-21 16:11:22','CREATE','10','1'),('cc148171-5896-403a-8ee6-dda37b5cb8f0','oooooooooooooooooooooooooooooooooooooooooooooooooooooooooooooooooooooooooooooooooooooooooooooooooooooooooooooooooo','DIRECT','READ','2018-05-21 16:11:22','CREATE','9','1'),('cc1a8977-63dc-4ebe-add5-b6e6bd0e5523','bhak','DIRECT','READ','2018-05-21 16:11:22','CREATE','10','1'),('cca6ae22-bbbf-46c2-9c81-6fee1eb0ce9d','q\nq\nq\nq\nq\nq\nq\nq','DIRECT','READ','2018-05-21 16:11:22','CREATE','11','1'),('cd573f5f-3c49-4252-9e5a-0ea210aa195b','Haha','DIRECT','READ','2018-05-21 16:11:22','CREATE','13',NULL),('cdb65c55-665c-4f72-888c-15ebe883f496','thanks for you time','DIRECT','READ','2018-05-21 16:11:22','CREATE','1','13'),('cfcacfd9-5b75-4781-9ddf-d62db0845129','wanna know my name??','DIRECT','READ','2018-05-21 16:11:22','CREATE','18','1'),('cfe3bd12-7dea-4dc0-8c34-0870c16bd96d','journal testing ka kya hua','DIRECT','READ','2018-05-21 16:11:22','CREATE','1','10'),('d23b3a7c-f123-4a54-884c-df715a3b438e','thanks guys','CHANNEL','READ','2018-05-21 16:11:22','CREATE','1','c7fa1631-e265-438e-ac37-0f60c694f210'),('d2bde89b-9d70-43cd-a3f6-04954094290a','all right','DIRECT','READ','2018-05-21 16:11:22','CREATE','15',NULL),('d4a76167-404f-4096-af85-c7d6c9970948','Bye','DIRECT','READ','2018-05-21 16:11:22','CREATE','12','1'),('d543a9de-53db-4a86-8cef-fd06ec1d1da9','hmm','CHANNEL','READ','2018-05-21 16:11:22','CREATE','13','98a1d48b-1584-4a21-ab05-448c5b3c9a78'),('d5ade7a0-a05a-4e40-8cca-acb188c1015b','wqwe','DIRECT','READ','2018-05-21 16:11:22','CREATE','15',NULL),('d5d2daf0-d01e-429d-a951-8447899051cf','hey tapo','DIRECT','READ','2018-05-21 16:11:22','CREATE','10','1'),('d6ff7f3f-cdec-47de-9a87-b6edbdde7477','\"ya\"','DIRECT','READ','2018-05-21 16:11:22','CREATE','13','1'),('d7801347-cd57-44e8-b4ab-a6184edff18e','Khud pe has rha he','CHANNEL','READ','2018-05-21 16:11:22','CREATE','12','c7fa1631-e265-438e-ac37-0f60c694f210'),('d807e474-3c31-48cf-84cd-0390501781ae','haha','DIRECT','READ','2018-05-21 16:11:22','CREATE','13','1'),('d84c5219-cf46-452e-b9b2-62f0f16c49d8','u can\'t the user logout','DIRECT','READ','2018-05-21 16:11:22','CREATE','10','1'),('d939eea2-db65-4378-a9ba-b9de64a58de8','i can select my self from the user list\nbut when i try to message it does not send the msg.\nin future, either remove the current user from the list or they should be able to msg themselves.','DIRECT','READ','2018-05-21 16:11:22','CREATE','10','1'),('d9941554-32f3-4a26-96d9-3886a425224c','wait','DIRECT','READ','2018-05-21 16:11:22','CREATE','1','12'),('d998869e-3759-42e6-aa57-29bdf15bbedd','wir','DIRECT','READ','2018-05-21 16:11:22','CREATE','15',NULL),('dc145836-34f1-401a-9441-f5d7009f029b','aur bhai','DIRECT','READ','2018-05-21 16:11:22','CREATE','10','1'),('dc8ce93f-4591-42b5-b0c2-9503e9ec9e04','Kya ke rha','DIRECT','READ','2018-05-21 16:11:22','CREATE','14','1'),('dd038561-5ab6-4342-8491-25ad2ae7df12','it\'s done','DIRECT','READ','2018-05-21 16:11:22','CREATE','10','1'),('de27d25c-5659-4066-b36a-a599461beb32','hey','DIRECT','READ','2018-05-21 16:11:22','CREATE','9','1'),('de456091-0d26-43bb-810b-bfcdd91c4c40','gaand maraale :p','DIRECT','READ','2018-05-21 16:11:22','CREATE','1','12'),('de7b51e3-6779-4461-8b29-908dacfabcd2','kjkj','DIRECT','READ','2018-05-21 16:11:22','CREATE','9','1'),('deb61311-4f85-4f8a-960e-c81f1c0ea84b','sdfsjkdf','CHANNEL','READ','2018-05-21 16:11:22','CREATE','16','60dc89f0-4cb8-4157-83da-29b32893ef8b'),('df388eed-e22e-45e2-a538-ce6dfaf8b3da','<script>alert(\"ya\");</script>','DIRECT','READ','2018-05-21 16:11:22','CREATE','13','1'),('e044ed08-f352-4681-9a64-67d6f1125c84','yo dude','DIRECT','READ','2018-05-21 16:11:22','CREATE','1','12'),('e0ef047d-1f5e-4382-bd4b-1a67496bfc38','haha yah dude','DIRECT','READ','2018-05-21 16:11:22','CREATE','15',NULL),('e17caeba-5c57-4aa3-9d8b-3f35032c9386','Nah nikal raha bhai','DIRECT','READ','2018-05-21 16:11:22','CREATE','12','1'),('e20f8afa-124e-4540-a327-01685d3db851','lfijsdlf','DIRECT','READ','2018-05-21 16:11:22','CREATE','1','10'),('e217394a-9eb9-4c0b-ba1f-7559ef6cae5e','it\'s getting slow man','DIRECT','READ','2018-05-21 16:11:22','CREATE','18','1'),('e2ab55da-001e-4404-8f38-3f2f0d81c904','what happened','DIRECT','READ','2018-05-21 16:11:22','CREATE','10','1'),('e4ade943-7b5c-4134-8f63-720b3225e1b6','bhak bc','DIRECT','READ','2018-05-21 16:11:22','CREATE','10','12'),('e4c08316-95d7-4340-82a3-28996feb955b','dude i\'m done','DIRECT','READ','2018-05-21 16:11:22','CREATE','1','10'),('e7b271cc-6340-4f24-9f9c-4dec5261ba33','messaging myself','DIRECT','READ','2018-05-21 16:11:22','CREATE','10',NULL),('e7cc12dd-8f85-45ea-a3b9-5df179d2f3a8','Hey there','DIRECT','READ','2018-05-21 16:11:22','CREATE','10','1'),('e8ed76b9-7d64-47df-8764-117030e4bddd','bye','DIRECT','READ','2018-05-21 16:11:22','CREATE','13','1'),('e9184191-181f-4b11-be32-8532a51cc97f','hey bros ! welcome','CHANNEL','READ','2018-05-21 16:11:22','CREATE','1','efc62933-d70c-4f19-bdc0-e0b130043dc2'),('e988d803-c12c-4efb-9777-928f0927817f','hey i changed the entity.','DIRECT','READ','2018-05-21 16:11:22','CREATE','1','2'),('e9a3024f-9741-4fd1-b7f3-b712d3cdd7f5','abe launde kuch kaam nhi hai kya','DIRECT','READ','2018-05-21 16:11:22','CREATE','12','1'),('ea388291-d48b-4722-90de-d4561f819c43','is it twice again','DIRECT','READ','2018-05-21 16:11:22','CREATE','1','10'),('eaf54794-9e80-431e-b568-707c32e5646e','hey','DIRECT','READ','2018-05-21 16:11:22','CREATE','9','1'),('ec5ebbc1-3620-488b-a0ab-fa71f4aaed8b','hello all','DIRECT','READ','2018-05-21 16:11:22','CREATE','15',NULL),('ed807772-29ce-4a38-a791-a2a89e7d423f','sorry for spamming','DIRECT','READ','2018-05-21 16:11:22','CREATE','9','1'),('ed9b5763-e523-4d89-ad01-d04970530ab6','df','DIRECT','READ','2018-05-24 14:29:15','CREATE','15','1'),('edd2df66-ae2c-42df-aee0-efbc339ed48e','askdjasdj','DIRECT','READ','2018-05-27 16:47:36','CREATE','12','10'),('ee00a594-abaa-40fe-853e-6de93fc95dc5','hey','DIRECT','READ','2018-05-21 16:11:22','CREATE','1','10'),('ee7fb331-262b-4820-a44a-871c97417900','kuchh nhi bc','DIRECT','READ','2018-05-21 16:11:22','CREATE','1','10'),('ee98b8d3-e5a0-40bf-93c7-50efc869fcd0','fuck man','DIRECT','READ','2018-05-21 16:11:22','CREATE','9','1'),('ef58a06e-09e9-4fbb-8ca5-3c580821f862','hmm','CHANNEL','READ','2018-05-21 16:11:22','CREATE','15','98a1d48b-1584-4a21-ab05-448c5b3c9a78'),('eff20590-5406-4f14-b364-4db165019c47','bey','DIRECT','READ','2018-05-21 16:11:22','CREATE','1','10'),('f065dfc6-918d-4d24-94d5-1983202c4518','msg myself','DIRECT','READ','2018-05-21 16:11:22','CREATE','10',NULL),('f07162b3-b12f-4a4e-9db7-272d7cd90879','hah lol','CHANNEL','READ','2018-05-21 16:11:22','CREATE','10','c7fa1631-e265-438e-ac37-0f60c694f210'),('f0e1f887-216c-48bc-b574-ffcabb681c50','sdkfj','DIRECT','READ','2018-05-21 16:11:22','CREATE','10','1'),('f2186bad-8c38-463a-aaf5-f0a6f84b974f','fyyy','DIRECT','READ','2018-05-21 16:11:22','CREATE','9','1'),('f35e78a0-7200-46aa-b45b-3295f71b8a7c','Hello','DIRECT','READ','2018-05-21 16:11:22','CREATE','13',NULL),('f40b2259-c446-403f-a1b7-3e2206d712e6','Hi sir','DIRECT','READ','2018-05-21 16:11:22','CREATE','1','14'),('f431b40f-8e4b-4ae0-9139-9023c8d11c07','see','DIRECT','READ','2018-05-21 16:11:22','CREATE','12','1'),('f53c2ae9-4961-4014-8a31-af820a89f27a','what all your life','CHANNEL','READ','2018-05-21 16:11:22','CREATE','1','c7fa1631-e265-438e-ac37-0f60c694f210'),('f6ff943a-f003-4e69-a7b8-83de709a8381','phir tere request keliye ek patch banaunga','DIRECT','READ','2018-05-21 16:11:22','CREATE','1','12'),('f9c90e7f-c970-4bde-b614-65cd35e574cd','hello it\'s me','DIRECT','READ','2018-05-21 16:11:22','CREATE','15',NULL),('f9f3c7fe-45ae-4f92-bbc8-b4c5f7634dac','??','DIRECT','READ','2018-05-21 16:11:22','CREATE','12','10'),('faeab54b-dfa6-447c-bdd7-7ee0d2d20528','msg was shown two times','DIRECT','READ','2018-05-21 16:11:22','CREATE','12','1'),('fb07b217-2fdb-49f7-a08f-5da8bc339d04','kya','DIRECT','READ','2018-05-21 16:11:22','CREATE','1','12'),('fbc04cc9-f1e2-4073-97da-95a8843371eb','dd','DIRECT','READ','2018-05-27 15:59:10','CREATE','1','10'),('fbd5621f-b165-4606-8338-2700340f1e42','So r u free?','DIRECT','READ','2018-05-21 16:11:22','CREATE','1','9'),('fc17cca5-2dfa-410d-91ae-5689ba670d7b','hey obama ! how you doing. sorry for the late reply.','DIRECT','READ','2018-05-21 16:11:22','CREATE','1','5'),('fc841d7f-093c-4f9c-9117-93eee21862bc','i\'m good xD','DIRECT','READ','2018-05-21 16:11:22','CREATE','15',NULL),('fcf7f9eb-595e-46c1-9041-255ed466dcb3','asldk','CHANNEL','READ','2018-05-21 16:11:22','CREATE','15','98a1d48b-1584-4a21-ab05-448c5b3c9a78'),('fd73b602-f0fb-437e-b02b-d5959af286ad','hmmm','DIRECT','READ','2018-05-21 16:11:22','CREATE','1','10'),('ff11cf3e-3d0a-4e2b-9296-4240d7adefda','hmm','DIRECT','READ','2018-05-21 16:11:22','CREATE','1','10');
/*!40000 ALTER TABLE `message_trn` ENABLE KEYS */;
UNLOCK TABLES;

--
-- Table structure for table `user_mst`
--

DROP TABLE IF EXISTS `user_mst`;
/*!40101 SET @saved_cs_client     = @@character_set_client */;
/*!40101 SET character_set_client = utf8 */;
CREATE TABLE `user_mst` (
  `user_id` varchar(256) NOT NULL,
  `user_name` varchar(256) NOT NULL,
  `full_name` varchar(256) DEFAULT NULL,
  `email` varchar(256) DEFAULT NULL,
  `password` varchar(256) DEFAULT NULL,
  `phone` varchar(256) DEFAULT NULL,
  PRIMARY KEY (`user_id`)
) ENGINE=InnoDB DEFAULT CHARSET=latin1 ROW_FORMAT=DYNAMIC;
/*!40101 SET character_set_client = @saved_cs_client */;

--
-- Dumping data for table `user_mst`
--

LOCK TABLES `user_mst` WRITE;
/*!40000 ALTER TABLE `user_mst` DISABLE KEYS */;
INSERT INTO `user_mst` VALUES ('1','tapopadma','TAPOPADMA TRIPATHY','tapopadmatripathy1995@gmail.com','passw0rd','84348608'),('10','somanaik','B Soma Naik','testing123@email.com','somanaik','123123123'),('11','yyyy','yyy','yyy@gmail.com','yyyy','123456'),('12','chandu','chandu','','chandu',NULL),('13','jingfei','Jingfei',NULL,'955047',NULL),('14','abhinavjoshi',NULL,NULL,'wehadjoy',NULL),('15','Acqe-app037','Acqe-app037',NULL,'passw0rd',NULL),('16','sid','sidhant','sid@xyz.com','sid',NULL),('17','liu_q','liu quynan','liu_q@worksap.co.jp','liu_q','9889989'),('18','jbond','james bond','j_b','jbond','989'),('2','fff','ff','fff','ewew','444'),('3','ggg','ggg','ggggg','ggggggg','555'),('4','kkk','kkk','kkkk','45456','646456'),('5','obama','obama','obama','obama','9898'),('6','trump','trump','trump','trump','32932938'),('7','xyz','xyz','xyz','iamaxyz','98349348'),('8','huhu','huhu','huhu','ldskfjlskdjf','9898'),('9','k','kk','kkk','kkk','4334'),('beab59bb-eea4-40ab-a2ae-335c1bd100b8','bikash','Bikash','bikash_liku@gmail.com','passw0rd','09234234'),('e9a60129-741b-41b5-b50f-11dea8ec1c35','cool_guy','Chandra pal','chandrapal1234@linkedin.com','passw0rd','909034');
/*!40000 ALTER TABLE `user_mst` ENABLE KEYS */;
UNLOCK TABLES;
/*!40103 SET TIME_ZONE=@OLD_TIME_ZONE */;

/*!40101 SET SQL_MODE=@OLD_SQL_MODE */;
/*!40014 SET FOREIGN_KEY_CHECKS=@OLD_FOREIGN_KEY_CHECKS */;
/*!40014 SET UNIQUE_CHECKS=@OLD_UNIQUE_CHECKS */;
/*!40101 SET CHARACTER_SET_CLIENT=@OLD_CHARACTER_SET_CLIENT */;
/*!40101 SET CHARACTER_SET_RESULTS=@OLD_CHARACTER_SET_RESULTS */;
/*!40101 SET COLLATION_CONNECTION=@OLD_COLLATION_CONNECTION */;
/*!40111 SET SQL_NOTES=@OLD_SQL_NOTES */;

-- Dump completed on 2018-05-28  1:02:05
